scenario,scenario_label,target_p_los,p_ll,retuned_p_nn,stationary_p_los,abs_stationary_error,mean_los_dwell_s,mean_nlos_dwell_s,source_basis
open_plain,Open plain,0.96,0.985,0.6400000000000011,0.9599999999999995,4.440892098500626e-16,66.66666666666661,2.7777777777777866,"open LMS, long LOS / short NLOS"
forest_edge,Forest edge,0.78,0.965,0.875909090909091,0.7799999999999992,7.771561172376096e-16,28.571428571428545,8.058608058608062,"vegetation edge, intermittent NLOS"
canyon_valley,Canyon valley,0.58,0.93,0.9033333333333334,0.5800000000000003,3.3306690738754696e-16,14.285714285714295,10.344827586206907,terrain-blocked LMS / urban-proxy tail
moving_trail,Moving trail,0.65,0.9,0.8142857142857144,0.6499999999999997,3.3306690738754696e-16,10.000000000000002,5.384615384615388,mobility/posture driven transitions
tent_shelter,Tent/shelter,0.35,0.88,0.9353846153846155,0.3499999999999995,4.996003610813204e-16,8.333333333333334,15.4761904761905,shelter-edge / persistent NLOS
