scenario_key,step1_key,label,voice_rate_bps,python_availability,matlab_availability,simulink_availability,lms_matlab_availability,lms_simulink_availability,simulink_minus_matlab,matlab_minus_python,lms_matlab_minus_matlab,lms_simulink_minus_lms_matlab
open_plain,open,Open plain,2400,1,1,1,0.996533333333333,0.996533333333333,0,0,-0.00346666666666695,0
forest_edge,suburban,Forest edge,2400,0.99949,0.99943,0.99943,0.967866666666667,0.967866666666667,0,-5.9999999999949e-05,-0.0315633333333331,0
canyon_valley,urban,Canyon valley,2400,0.91431,0.91447,0.91447,0.794133333333333,0.794133333333333,0,0.000160000000000049,-0.120336666666667,0
moving_trail,car,Moving trail,2400,0.798785,0.799615,0.799615,0.6618,0.6618,0,0.000829999999999997,-0.137815,0
tent_shelter,indoor_window,Tent/shelter,2400,0.46734,0.47029,0.47029,0.356933333333333,0.356933333333333,0,0.00295000000000001,-0.113356666666667,0
